paper,ea prob,true label,predicted label
1202.5809,0.025227011995627928,0,0
1307.1705,0.02528371860764022,0,0
1505.02172,0.05984901572176863,0,0
1606.09199,0.04314628396578297,0,0
1803.00575,0.7350742942384983,0,1
1803.05952,0.09007533107320492,0,0
1809.02174,0.029135688347773876,0,0
1810.04975,0.014237996761533101,0,0
1903.06944,0.09608435402248022,0,0
1905.09619,0.4734247820506253,0,0
1910.10439,0.01848074092491685,0,0
2002.07404,0.3778531876047108,0,0
2004.01042,0.017410968865142592,0,0
2007.11660,0.9359644540942323,0,1
2008.02175,0.033837434766605896,0,0
2009.04158,0.02285190000325547,0,0
2009.05558,0.03719580209895433,0,0
2011.03130,0.024425575811153295,0,0
2011.09510,0.06034001505723258,0,0
2011.10503,0.027920524348704092,0,0
2012.08737,0.16554235700718223,0,0
2012.09751,0.013455310165944446,0,0
2102.01082,0.052578337162603184,0,0
2102.02409,0.11725459512854135,0,0
2103.00603,0.0529754028264372,0,0
2103.12139,0.9501014887064347,0,1
2104.03322,0.06296189337981425,0,0
2104.03734,0.034527248086532354,0,0
2106.00584,0.5476429416111421,0,1
2106.04352,0.09505283834015255,0,0
2106.10380,0.04098026238954267,0,0
2106.13793,0.014678192173272826,0,0
2106.14961,0.048160184871017385,0,0
2107.07258,0.04276772911609065,0,0
2107.11397,0.024570156703222816,0,0
2107.13391,0.0727964294688266,0,0
2108.04515,0.0358912825876212,0,0
2109.01168,0.09575598966817456,0,0
2109.14252,0.04792691889504732,0,0
2110.02097,0.023688361179890125,0,0
2110.09685,0.03723690067191344,0,0
2110.13169,0.08271019097657423,0,0
2110.15410,0.029594610185434307,0,0
2111.01362,0.02671046155289861,0,0
2111.02624,0.01953692720925651,0,0
2111.05739,0.016030680498043855,0,0
2111.05847,0.03413153954266933,0,0
2111.06845,0.05085202681874608,0,0
2111.07178,0.015029527750013962,0,0
2111.07385,0.1970318452378583,0,0
2111.08683,0.029320706852939273,0,0
2111.14225,0.10129384598103762,0,0
2111.15035,0.030203232131201106,0,0
2111.15280,0.0190034047892887,0,0
2112.06830,0.0254164342232349,0,0
2112.07404,0.0650663735069282,0,0
2112.10736,0.025779477545021336,0,0
2201.02454,0.026052124334876203,0,0
2201.04666,0.04491982089375715,0,0
2201.05866,0.044258816540715167,0,0
2201.08335,0.1858956523057188,0,0
2201.09963,0.9974906967122142,0,1
2201.12187,0.062281457919112146,0,0
2202.06969,0.010085933661006208,0,0
2202.07490,0.022197514236680156,0,0
2202.08819,0.059420971048587914,0,0
2202.10149,0.5543230016078488,0,1
2202.11236,0.11457404822827408,0,0
2202.11546,0.014321726494520471,0,0
2202.11675,0.005460272846216606,0,0
2203.01980,0.020865621498182624,0,0
2203.04782,0.01943656966555647,0,0
2203.07178,0.9979063387371749,0,1
2203.07377,0.013559696693975283,0,0
2203.11227,0.44327025076907967,0,0
2203.11288,0.0765150475923198,0,0
2203.14060,0.08160256333319213,0,0
2203.15481,0.14985188902110427,0,0
2203.16547,0.007059335802257656,0,0
2203.16652,0.06300182590501913,0,0
2203.16959,0.9421812964796306,1,1
2203.16990,0.014940527294894868,0,0
2204.00090,0.01868143905906273,0,0
2204.02098,0.02458102952347815,0,0
2204.02945,0.004682168150141256,0,0
2204.04356,0.06959173016605048,0,0
2204.08657,0.022131615854367296,0,0
2204.09072,0.025133506906318652,0,0
2204.09237,0.052507998450551215,0,0
2204.09339,0.013014980569730716,0,0
2204.10415,0.13281773936020558,0,0
2204.12984,0.036209333184270207,0,0
2204.13051,0.22984980690730822,0,0
2204.13713,0.01774074663548147,0,0
2204.14016,0.009280214806430981,0,0
2205.00092,0.13829574734298894,0,0
2205.00521,0.027286233226988615,0,0
2205.01033,0.03191205601262107,0,0
2205.01055,0.01576463677266479,0,0
2205.01507,0.033753726183999466,0,0
2205.01735,0.3453682062558914,0,0
2205.01986,0.009618569904132524,0,0
2205.02384,0.0637510004640852,0,0
2205.02567,0.012781515753711907,0,0
2205.02846,0.5430397530058882,0,1
2205.04708,0.040463360696585154,0,0
2205.04985,0.10309951058301732,0,0
2205.05017,0.015685126889073767,0,0
2205.05132,0.04974502753570578,0,0
2205.05200,0.02362802699086119,0,0
2205.05701,0.05908870409339183,0,0
2205.07898,0.052616676448165284,0,0
2205.07964,0.3139446832320877,0,0
2205.08213,0.5874235347264645,0,1
2205.08268,0.06405963598970363,0,0
2205.08884,0.01365782276309715,0,0
2205.09069,0.04327485636364611,0,0
2205.09770,0.02107800412321465,0,0
2205.11072,0.02418772510220349,0,0
2205.11538,0.022149423565649848,0,0
2205.12162,0.9307473602852574,1,1
2205.12362,0.0903507829076371,0,0
2205.13006,0.04846749482351736,0,0
2205.13007,0.050264473077548055,0,0
2205.13227,0.038990198196524196,0,0
2205.13622,0.0280374404687926,0,0
2205.13768,0.12562644082675387,0,0
2205.15336,0.03011157297908191,0,0
2206.00091,0.08590105695883467,0,0
2206.00671,0.04836444328458986,0,0
2206.01462,0.02036231049583219,0,0
2206.02488,0.08637840421569544,0,0
2206.03485,0.024215000647877252,0,0
2206.05299,0.0163194901106494,0,0
2206.06319,0.009713366871085951,0,0
2206.06656,0.11310862586679156,0,0
2206.07419,0.07733422383001233,0,0
2206.08013,0.05796448509762504,0,0
2206.09227,0.013110467121393172,0,0
2206.10260,0.02929358872353968,0,0
2206.10367,0.02270304025815341,0,0
2206.10416,0.08014623492136999,0,0
2206.10710,0.03216403905468352,0,0
2206.12722,0.04971428692654341,0,0
2206.14211,0.1120774053620112,0,0
2206.14598,0.034872131287304195,0,0
2206.14881,0.02101639998318809,0,0
2207.00064,0.10343573811061754,0,0
2207.01065,0.06434094473742565,0,0
2207.03107,0.023070255376050373,0,0
2207.03144,0.015829587531525253,0,0
2207.03437,0.049532777362233174,0,0
2207.03499,0.11831025850790783,0,0
2207.04070,0.06866615529918661,0,0
2207.04110,0.12121269483701147,0,0
2207.04924,0.07256470966026136,0,0
2207.05371,0.11226848871632224,0,0
2207.05534,0.06638973045585388,0,0
2207.05829,0.014308641413714997,0,0
2207.06317,0.022420632977776595,0,0
2207.07102,0.05650712684043262,0,0
2207.07126,0.005538318902167559,0,0
2207.07130,0.008517844352390783,0,0
2207.08355,0.01915415744195977,0,0
2207.09005,0.05997343835754507,0,0
2207.09477,0.08623030682375354,0,0
2207.11966,0.044704441980393646,0,0
2207.11967,0.020778009607382873,0,0
2207.11968,0.021405254614389316,0,0
2207.12073,0.05560615772039766,0,0
2207.12337,0.03136789785953552,0,0
2207.12423,0.02949944423586776,0,0
2207.12588,0.06610465565163672,0,0
2207.13059,0.04267671091592298,0,0
2207.13086,0.018857790015551386,0,0
2207.13713,0.12488473841674276,0,0
2207.13761,0.07369425067910573,0,0
2207.14274,0.015137869512370485,0,0
2207.14277,0.017438939827635638,0,0
2207.14519,0.014122458241187607,0,0
2208.00070,0.9206719533644535,0,1
2208.00986,0.036786815434088245,0,0
2208.01082,0.05357962499268396,0,0
2208.01611,0.025373479916278436,0,0
2208.01668,0.026385764994850434,0,0
2208.02258,0.05359718445011143,0,0
2208.02269,0.06757535812593225,0,0
2208.02677,0.044249873135108586,0,0
2208.02725,0.05284506796906245,0,0
2208.02800,0.013905346438455587,0,0
2208.02805,0.1197185038362742,0,0
2208.03201,0.02569187807746749,0,0
2208.03468,0.17707236558248277,0,0
2208.03508,0.05925131609872678,0,0
2208.03820,0.10781967528588228,0,0
2208.04406,0.03551897112561129,0,0
2208.05176,0.224109316627802,0,0
2208.05222,0.1167684564879093,0,0
2208.05338,0.8586462580884527,0,1
2208.05489,0.10817986158448523,0,0
2208.06440,0.02273673822485302,0,0
2208.06805,0.09587481178400856,0,0
2208.06843,0.010075663603398687,0,0
2208.07374,0.032482662420427605,0,0
2208.07380,0.02381644528900633,0,0
2208.08256,0.022261169883070087,0,0
2208.08514,0.07253425024673389,0,0
2208.09403,0.41530881044994117,0,0
2208.09532,0.06202434580306477,0,0
2208.10503,0.024384617390874608,0,0
2208.12849,0.08920164273501047,0,0
2208.13647,0.8045101562564269,0,1
2208.14020,0.04622177924059116,0,0
2208.14186,0.011818516741883174,0,0
2208.14475,0.016803094541063608,0,0
2208.14675,0.11333847645962399,0,0
2208.14740,0.046616882954996816,0,0
2208.15003,0.02541173328532791,0,0
2209.00620,0.9099155717664089,1,1
2209.00795,0.019368925000717387,0,0
2209.00911,0.05046092040700686,0,0
2209.01695,0.03903103775836209,0,0
2209.01940,0.10187956511303194,0,0
2209.02277,0.15033498455088018,0,0
2209.02447,0.18255118846399446,0,0
2209.02668,0.026293726053625475,0,0
2209.02685,0.08352460339821433,0,0
2209.02708,0.07539126211550592,0,0
2209.02863,0.13905688590876483,0,0
2209.03360,0.010685454826924458,0,0
2209.03385,0.027278230098993467,0,0
2209.03455,0.012018316310505085,0,0
2209.03545,0.007490612589420833,0,0
2209.03967,0.0344014008978949,0,0
2209.04458,0.021004077496642248,0,0
2209.04460,0.16542784383196946,0,0
2209.04682,0.1011623091991568,0,0
2209.04842,0.0329902223367942,0,0
2209.05246,0.03368895710362008,0,0
2209.05386,0.19781395362928342,0,0
2209.05632,0.4209853096877501,0,0
2209.05926,0.021006061359352155,0,0
2209.06088,0.025446057731239684,0,0
2209.06559,0.04709631579648154,0,0
2209.06563,0.01777951968761566,0,0
2209.06666,0.13809940989574876,0,0
2209.06834,0.08745321343400075,0,0
2209.07213,0.3739700431923945,0,0
2209.07525,0.06138780779467768,0,0
2209.08631,0.019187309589953086,0,0
2209.09342,0.11862964640282425,0,0
2209.10533,0.03689283063732864,0,0
2209.11160,0.9908762231019903,1,1
2209.11184,0.030567766777506656,0,0
2209.11244,0.060768602521530636,0,0
2209.11331,0.2815827725078879,0,0
2209.11608,0.028286341698992322,0,0
2209.12090,0.1359481463955001,0,0
2209.12584,0.04751602749287798,0,0
2209.12902,0.0439120397192006,0,0
2209.13088,0.06991396230651681,0,0
2209.13310,0.048384679153427146,0,0
2209.13392,0.01625940405620476,0,0
2209.13445,0.010840888941088058,0,0
2209.13618,0.030015383475336065,0,0
2209.13625,0.12400310930971652,0,0
2209.13749,0.06218531578610889,0,0
2209.13809,0.04113035936227824,0,0
2209.14054,0.034691737234739714,0,0
2209.14061,0.02921122070144028,0,0
2209.14143,0.058156425279228194,0,0
2209.14214,0.01070892426507503,0,0
2209.14313,0.017095307421579675,0,0
2209.14320,0.12584610334865287,0,0
2209.14386,0.025970992172415573,0,0
2209.15581,0.019479500542317448,0,0
2210.00913,0.16213975537678751,0,0
2210.01132,0.009398157886443048,0,0
2210.01825,0.033764526665292505,0,0
2210.02078,0.02342678134818949,0,0
2210.02164,0.044063155404338035,0,0
2210.02243,0.0601973862957731,0,0
2210.02431,0.031136630760612995,0,0
2210.02460,0.018291820800520223,0,0
2210.02682,0.10682760057101057,0,0
2210.03130,0.007668605371188268,0,0
2210.03135,0.14130601277207525,0,0
2210.03267,0.041549995185999895,0,0
2210.03750,0.023047371788865408,0,0
2210.03812,0.01563375142083107,0,0
2210.03977,0.06669152341505695,0,0
2210.04203,0.056398986522578,0,0
2210.04769,0.060436751956042895,0,0
2210.04812,0.06520423831459518,0,0
2210.04924,0.024877664237849283,0,0
2210.04961,0.5996581787504818,0,1
2210.05012,0.018854428198174726,0,0
2210.05131,0.20605729908108722,0,0
2210.05259,0.04720065206950498,0,0
2210.05363,0.01593801595903489,0,0
2210.05414,0.8552363354780008,0,1
2210.05428,0.4807085459352329,0,0
2210.05449,0.03809557829918133,0,0
2210.05563,0.019395056220721064,0,0
2210.05611,0.04728254362485011,0,0
2210.05763,0.027977002530277677,0,0
2210.05774,0.04892824483839704,0,0
2210.06283,0.016543988919562692,0,0
2210.06338,0.007590737566187515,0,0
2210.06412,0.01872300025056494,0,0
2210.06492,0.10780681671923079,0,0
2210.06763,0.02784028826190406,0,0
2210.07084,0.28793226529894217,0,0
2210.07446,0.09707087375668436,0,0
2210.07516,0.09347219930426215,0,0
2210.07925,0.24913240429835068,0,0
2210.07982,0.06374216507722251,0,0
2210.08880,0.2766211606367241,0,0
2210.08910,0.01314022029281297,0,0
2210.09205,0.030875672014018214,0,0
2210.09310,0.013548812246240079,0,0
2210.09323,0.05027611887364621,0,0
2210.09324,0.043486318986924954,0,0
2210.09386,0.025279576802234627,0,0
2210.09737,0.025512957914979012,0,0
2210.09945,0.04319903410727393,0,0
2210.09978,0.03148695755142146,0,0
2210.10066,0.0163956631470848,0,0
2210.10183,0.01508322432045811,0,0
2210.10198,0.06905945589032067,0,0
2210.10801,0.009345985447509501,0,0
2210.11261,0.07575442841589275,0,0
2210.11360,0.4680110825298324,0,0
2210.11430,0.031173509658373174,0,0
2210.11641,0.03763394873797974,0,0
2210.11679,0.7933459384379287,0,1
2210.11809,0.9796989287250241,1,1
2210.11821,0.06540267993256922,0,0
2210.12139,0.027796537436192155,0,0
2210.12226,0.03679698623422356,0,0
2210.12880,0.10074672300062129,0,0
2210.13260,0.07955787934117563,0,0
2210.13335,0.01787489086728592,0,0
2210.14159,0.02957144637631488,0,0
2210.14927,0.08826608802861913,0,0
2210.15077,0.28171621133197233,0,0
2210.15644,0.09932381522496668,0,0
2210.15699,0.0610729926738792,0,0
2210.16012,0.012556209826950849,0,0
2210.16895,0.031604339889493946,0,0
2210.16983,0.025664686533505177,0,0
2210.17044,0.04064301941483587,0,0
2211.00038,0.08947836842525665,0,0
2211.00485,0.005806396105101601,0,0
2211.00629,0.07343615908624415,0,0
2211.00940,0.018241326916088974,0,0
2211.01474,0.9704781339437883,1,1
2211.01523,0.05675040088196584,0,0
2211.01567,0.026155866669643865,0,0
2211.01728,0.030148003823461434,0,0
2211.01729,0.013781977513513144,0,0
2211.02028,0.0156307981388549,0,0
2211.02062,0.02843055763138649,0,0
2211.02066,0.04000887555691925,0,0
2211.02209,0.02360396236030521,0,0
2211.02565,0.04513934724823382,0,0
2211.02665,0.0371975930476314,0,0
2211.02997,0.027654319185513834,0,0
2211.03029,0.0319251640771495,0,0
2211.03488,0.018470924085644953,0,0
2211.03620,0.06554299691114174,0,0
2211.04268,0.2696589622737078,0,0
2211.04398,0.8283883105266957,0,1
2211.04495,0.03925247896133463,0,0
2211.04647,0.252430838104534,0,0
2211.04669,0.021250445288895397,0,0
2211.04711,0.023939114770815385,0,0
2211.05209,0.1000689357759173,0,0
2211.05306,0.014317601639177205,0,0
2211.05386,0.20683634010137472,0,0
2211.05767,0.022501546068656127,0,0
2211.06445,0.9948820585983961,1,1
2211.06832,0.33693401292448155,0,0
2211.07128,0.04893894074362785,0,0
2211.07339,0.03019085833361117,0,0
2211.07469,0.0297419650179607,0,0
2211.07661,0.03857448736962056,0,0
2211.08067,0.17018989336323279,0,0
2211.08323,0.16457832719553714,0,0
2211.09080,0.9409388276537135,0,1
2211.09112,0.07739709183631818,0,0
2211.09136,0.13985839643609035,0,0
2211.09145,0.05430235181802379,0,0
2211.09426,0.045039375953648854,0,0
2211.09489,0.08764047369438643,0,0
2211.09649,0.028412410715767288,0,0
2211.09650,0.13794225270830132,0,0
2211.09839,0.03371827372393793,0,0
2211.10184,0.0680169713793275,0,0
2211.10535,0.09810611324941261,0,0
2211.10726,0.02614086901364469,0,0
2211.11773,0.021590045774799282,0,0
2211.11781,0.011546597689913009,0,0
2211.11788,0.04387034879165378,0,0
2211.12242,0.039465105510814336,0,0
2211.12378,0.008867423086162604,0,0
2211.12675,0.02309959883091292,0,0
2211.12951,0.10135827136647262,0,0
2211.13179,0.02370213468198052,0,0
2211.13334,0.12668269618288971,0,0
2211.13393,0.9756996323462545,0,1
2211.13453,0.03981124037652965,0,0
2211.13661,0.01605717399660752,0,0
2211.13950,0.012170926490303997,0,0
2211.14023,0.018875419222938977,0,0
2211.14194,0.02314539154489534,0,0
2211.14635,0.017164526719767394,0,0
2211.14900,0.00778208442380959,0,0
2211.15624,0.02861589042745815,0,0
2211.15674,0.04055966830011679,0,0
2211.15679,0.10995112360944093,0,0
2211.15928,0.08135699580627426,0,0
2211.16083,0.7038911488556513,0,1
2211.16390,0.04624869920893781,0,0
2211.16972,0.11953546345563668,0,0
2211.17021,0.01039591541673759,0,0
2211.17065,0.012637064274737278,0,0
2212.00198,0.33734953884248936,0,0
2212.01126,0.14509523841070418,0,0
2212.02141,0.11531326246857268,0,0
2212.02221,0.0995341658016309,0,0
2212.02270,0.009382999370821009,0,0
2212.02326,0.029887274736589264,0,0
2212.02530,0.03155331024796353,0,0
2212.02890,0.05197781435525091,0,0
2212.03240,0.9695082699612202,0,1
2212.03247,0.06764014924678587,0,0
2212.03256,0.5681418897308689,0,1
2212.03343,0.022098989590386718,0,0
2212.03407,0.11341286209288721,0,0
2212.03479,0.008600582120774363,0,0
2212.03577,0.028573729996679648,0,0
2212.03723,0.009077310258678592,0,0
2212.03728,0.033373595274748376,0,0
2212.03730,0.021340214681060097,0,0
2212.04179,0.03267053712494684,0,0
2212.04291,0.02972112767065625,0,0
2212.04306,0.059967859178450995,0,0
2212.04485,0.06175340534978692,0,0
2212.04511,0.1479057014704304,0,0
2212.04529,0.01694517580569952,0,0
2212.04568,0.04019027468651202,0,0
2212.04852,0.032781673176025254,0,0
2212.04918,0.07804742764696117,0,0
2212.05112,0.045225380664204166,0,0
2212.05351,0.15252038671788432,0,0
2212.05724,0.055899643236854625,0,0
2212.06086,0.022021990016194933,0,0
2212.06117,0.02051529624094303,0,0
2212.06266,0.9737778140352273,1,1
2212.06877,0.040957175627615354,0,0
2212.07421,0.027920210174128234,0,0
2212.07467,0.10474503345225385,0,0
2212.07498,0.01824148529730028,0,0
2212.07659,0.027150456144639807,0,0
2212.07714,0.5500544946178645,0,1
2212.07938,0.1265277894736838,0,0
2212.08463,0.042611238414105315,0,0
2212.08881,0.09227698958453276,0,0
2212.09266,0.05834792012503161,0,0
2212.09307,0.08599217674003377,0,0
2212.09383,0.12721562994046204,0,0
2212.09629,0.03396401450312465,0,0
2212.10022,0.020350244364953213,0,0
2212.10126,0.028228975978931054,0,0
2212.10594,0.024052613063896264,0,0
2212.11044,0.23327367302757687,0,0
2212.11817,0.01568370197287507,0,0
2212.11869,0.08134154877973297,0,0
2212.12087,0.7721187852634191,0,1
2212.14535,0.053236846424449924,0,0
2212.14712,0.08779692409166896,0,0
2212.14844,0.5708273820053203,0,1
2301.00229,0.1697658111063588,0,0
2301.00749,0.086019648853908,0,0
2301.00822,0.13319667799419205,0,0
2301.01548,0.07025242274595661,0,0
2301.01607,0.08372301279309444,0,0
2301.01798,0.024838879114598384,0,0
2301.02072,0.01891963089294199,0,0
2301.02209,0.019333033070413338,0,0
2301.02260,0.7613055126814269,0,1
2301.02313,0.05474309309964397,0,0
2301.02398,0.189887517968884,0,0
2301.02418,0.4585533111143374,0,0
2301.02477,0.9785783356337031,1,1
2301.02681,0.040418818084441026,0,0
2301.02741,0.017559880845192635,0,0
2301.02816,0.030267647779577002,0,0
2301.03209,0.9520805077590738,0,1
2301.03477,0.1734248239843586,0,0
2301.03499,0.05253577604092113,0,0
2301.03502,0.024862117072729242,0,0
2301.03579,0.05150175604758571,0,0
2301.04055,0.18124901383559805,0,0
2301.04152,0.04323076595819731,0,0
2301.04158,0.09672587322419612,0,0
2301.04200,0.041765062948925354,0,0
2301.04206,0.9730725698420959,0,1
2301.04593,0.06885330695538952,0,0
2301.04809,0.08112493490764093,0,0
2301.05186,0.014682600568102645,0,0
2301.05205,0.02179092552240429,0,0
2301.05228,0.014018223875529869,0,0
2301.05532,0.078972536424047,0,0
2301.05686,0.061321806453913635,0,0
2301.05719,0.7264881154743102,0,1
2301.06033,0.03300310365269499,0,0
2301.06125,0.832687364701849,0,1
2301.06146,0.1554825917259358,0,0
2301.06186,0.05019239895346055,0,0
2301.06273,0.03207868721597201,0,0
2301.06373,0.04482476918571903,0,0
2301.06575,0.6952836132216609,0,1
2301.06723,0.20314441582964857,0,0
2301.06732,0.22877658144619362,0,0
2301.07039,0.917449881970297,0,1
2301.07097,0.4849759890108616,0,0
2301.07215,0.028571582792729026,0,0
2301.07253,0.08980387654664142,0,0
2301.07860,0.30268937625899367,0,0
2301.08169,0.06983532360047774,0,0
2301.08432,0.015494517758679244,0,0
2301.08689,0.9603168483056758,0,1
2301.08887,0.031668423553084,0,0
2301.09651,0.056262657262250375,0,0
2301.09672,0.02428538983684265,0,0
2301.10255,0.0381901189133423,0,0
2301.10268,0.022709979776455554,0,0
2301.10386,0.07579642548986897,0,0
2301.10560,0.20149615007942986,0,0
2301.10614,0.8785671485356453,0,1
2301.10741,0.3575636477480343,0,0
2301.10890,0.7304387873638443,0,1
2301.11000,0.024716648608182457,0,0
2301.11204,0.005676230051473728,0,0
2301.11240,0.13150304974023252,0,0
2301.11282,0.32649629592315377,0,0
2301.11335,0.05709397736401662,0,0
2301.12089,0.04660287079254484,0,0
2301.12223,0.07230666478203665,0,0
2301.12283,0.06599245912727277,0,0
2301.12404,0.11668441046873836,0,0
2301.12750,0.021065821299205995,0,0
2301.12769,0.05363203479351539,0,0
2301.12824,0.04018624554143258,0,0
2301.12828,0.2123874730852822,0,0
2301.13150,0.05241416100024621,0,0
2301.13191,0.02419187642650213,0,0
2301.13213,0.0574211820844462,0,0
2301.13226,0.21510200451625408,0,0
2301.13233,0.13908380569985443,0,0
2301.13260,0.8068490075077512,1,1
2301.13394,0.18763138773562915,0,0
2301.13453,0.2824263873937417,0,0
2301.13684,0.012713752801727136,0,0
2301.13685,0.13739527003064506,0,0
2301.13751,0.07622103645490927,0,0
2301.13839,0.1998706774163842,0,0
2301.13854,0.012150436980639194,0,0
2301.13858,0.03485589224212684,0,0
2301.13859,0.09319082908157317,0,0
2302.00006,0.037354637312210726,0,0
2302.00008,0.026650562836882635,0,0
2302.00009,0.8897695507654216,0,1
2302.00010,0.0072167713343482135,0,0
2302.00012,0.049959805708126206,0,0
2302.00014,0.043745479678644304,0,0
2302.00018,0.15278477276827726,0,0
2302.00020,0.8660366224895831,0,1
2302.00021,0.045889351088976765,0,0
2302.00026,0.04812314246846811,0,0
2302.00027,0.09799515857026964,0,0
2302.00030,0.06281976479228686,0,0
2302.00053,0.07119537609808467,0,0
2302.00054,0.014066432757643079,0,0
2302.00056,0.9221734769749972,0,1
2302.00067,0.022009531607322663,0,0
2302.00071,0.13811178870636254,0,0
2302.00081,0.14679441012658292,0,0
2302.00085,0.2518719555562078,0,0
2302.00101,0.014398237985416765,0,0
2302.00125,0.013631494776384749,0,0
2302.00131,0.07307126252276226,0,0
2302.00147,0.042238723865714846,0,0
2302.00176,0.04704381640885386,0,0
2302.00181,0.022372395761482394,0,0
2302.00183,0.07956745587003722,0,0
2302.00197,0.27971478780480435,0,0
2302.00204,0.06633247441971137,0,0
2302.00212,0.09426415568549376,0,0
2302.00228,0.12553354168470968,0,0
2302.00229,0.037166782887384724,0,0
2302.00246,0.03459139422184945,0,0
2302.00255,0.22510996653660187,0,0
2302.00260,0.10064725643899804,0,0
2302.00262,0.03403119239701059,0,0
2302.00269,0.06623032687098372,0,0
2302.00274,0.061096033121720725,0,0
2302.00280,0.2710040561961632,0,0
2302.00289,0.31636097204022384,0,0
2302.00292,0.024849051902423452,0,0
2302.00295,0.04249453314934564,0,0
2302.00298,0.6332775283568642,0,1
2302.00300,0.015949011346951113,0,0
2302.00315,0.09258019790460235,0,0
2302.00320,0.7781849418605185,0,1
2302.00322,0.440292249180705,0,0
2302.00335,0.18964138596566954,0,0
2302.00339,0.06838109171666978,0,0
2302.00344,0.04691708811588556,0,0
2302.00346,0.022308154772718577,0,0
2302.00359,0.4382733177871196,0,0
2302.00366,0.10381049690153753,0,0
2302.00367,0.15155290869277102,0,0
2302.00372,0.20807670931082015,0,0
2302.00380,0.0663129128057777,0,0
2302.00399,0.3746660307032542,0,0
2302.00413,0.9920451116632649,1,1
2302.00420,0.9754923603149768,0,1
2302.00426,0.6266531577451324,0,1
2302.00427,0.032953795219328924,0,0
2302.00428,0.3053184525034445,0,0
2302.00445,0.21515393346184122,0,0
2302.00450,0.10979961424659364,0,0
2302.00451,0.11987748887905193,0,0
2302.00473,0.4456873236008063,0,0
2302.00480,0.10830912608902402,0,0
2302.00497,0.30554612146165483,0,0
2302.00512,0.009499360861837348,0,0
2302.00530,0.05727340393919811,0,0
2302.00531,0.13768247637184527,0,0
2302.00552,0.03641572261227386,0,0
2302.00580,0.7419369181246784,0,1
2302.00607,0.02648223502557106,0,0
2302.00634,0.046349624312880575,0,0
2302.00649,0.6308868288352999,0,1
2302.00655,0.02087622954906281,0,0
2302.00666,0.09445582182144165,0,0
2302.00668,0.020953513410432265,0,0
2302.00699,0.9762777495738294,1,1
2302.00718,0.33746509703690153,0,0
2302.00780,0.12060672202521158,0,0
2302.00987,0.2042196550468485,0,0
2302.01102,0.8502093097764883,1,1
2302.01119,0.4946308423558423,0,0
2302.01142,0.022408043725132287,0,0
2302.01168,0.9704291856481538,1,1
2302.01352,0.9882263815004398,1,1
2302.01479,0.9837381590484598,1,1
2302.01689,0.056507265997609725,0,0
2302.01702,0.9868605248320484,1,1
2302.01784,0.018822833238405792,0,0
2302.01853,0.987273386722465,1,1
2302.01942,0.013493782276189496,0,0
2302.01943,0.0242564650929792,0,0
2302.01946,0.019576598913523657,0,0
2302.01947,0.021371774325704546,0,0
2302.01948,0.020482426828770873,0,0
2302.01949,0.43854793144389453,0,0
2302.01969,0.6885401612097545,0,1
2302.02005,0.011545517344079093,0,0
2302.02017,0.10569404529319835,0,0
2302.02020,0.015492576156418353,0,0
2302.02021,0.06041233700161483,0,0
2302.02028,0.02416861132596821,0,0
2302.02030,0.22317078553710365,0,0
2302.02040,0.4783120068404448,0,0
2302.02082,0.018575568822038185,0,0
2302.02087,0.014083453767803119,0,0
2302.02090,0.020147193353173116,0,0
2302.02111,0.05210757863341309,0,0
2302.02135,0.9086614605704765,0,1
2302.02166,0.704543225706766,0,1
2302.02167,0.10724816422455856,0,0
2302.02183,0.9584230278754919,0,1
2302.02198,0.44330509163443604,0,0
2302.02206,0.310973690823561,0,0
2302.02211,0.036618448136234716,0,0
2302.02344,0.08327120515672372,0,0
2302.02346,0.14638478534787625,0,0
2302.02359,0.5266801267330008,0,1
2302.02365,0.05306126252749103,0,0
2302.02366,0.010582750944475836,0,0
2302.02372,0.0338703362802672,0,0
2302.02376,0.031536079574531056,0,0
2302.02383,0.0448386307776756,0,0
2302.02429,0.04975691675326125,0,0
2302.02431,0.11289848915052386,0,0
2302.02433,0.01959924607030211,0,0
2302.02439,0.0754356826428637,0,0
2302.02487,0.35623259682212566,0,0
2302.02496,0.055208511927845365,0,0
2302.02559,0.012463329802461115,0,0
2302.02572,0.13141406259567293,0,0
2302.02584,0.03176621993829654,0,0
2302.02593,0.6726432373403142,0,1
2302.02611,0.1747459279635896,0,0
2302.02641,0.2560092263921497,0,0
2302.02646,0.06566453467774855,0,0
2302.02656,0.17209387152272332,0,0
2302.02659,0.19753270014856356,0,0
2302.02668,0.6343415060529562,0,1
2302.02674,0.7663420294108291,0,1
2302.02682,0.06659759675202626,0,0
2302.02683,0.03769636013144504,0,0
2302.02690,0.027829541054363454,0,0
2302.02696,0.36806129225655415,0,0
2302.02697,0.04592088961079816,0,0
2302.02704,0.02540241568985444,0,0
2302.02710,0.961924034583401,0,1
2302.02722,0.18947655452008708,0,0
2302.02723,0.28662531559936694,0,0
2302.02727,0.006150830250015854,0,0
2302.02733,0.08010691905485828,0,0
2302.02739,0.07800645807961404,0,0
2302.02750,0.2831711615468753,0,0
2302.02784,0.01352298615079103,0,0
2302.02802,0.2996588736287114,0,0
2302.02810,0.9785461747965133,0,1
2302.02816,0.1437696765111775,0,0
2302.02827,0.04535717661763832,0,0
2302.02854,0.7204871566478905,0,1
2302.02868,0.09119320360349989,0,0
2302.02879,0.026083881476706716,0,0
2302.02890,0.12053020650195528,0,0
2302.02897,0.8737432317087174,0,1
2302.02901,0.15718200624589118,0,0
2302.02912,0.21518954879816368,0,0
2302.02915,0.5270061480269475,0,1
2302.02916,0.044626655997726104,0,0
2302.02925,0.019083972812149477,0,0
2302.02927,0.07868128370559484,0,0
2302.02981,0.9305580096875719,0,1
2302.02989,0.0218897701179785,0,0
2302.02993,0.014799849635461718,0,0
2302.03007,0.3287713922373229,0,0
2302.03026,0.06370205796038443,0,0
2302.03039,0.04458343671059204,0,0
2302.03040,0.011319409163902205,0,0
2302.03042,0.04536729642152187,0,0
2302.03043,0.059177571312834555,0,0
2302.03044,0.03650049847921449,0,0
2302.03046,0.09546879275870518,0,0
2302.03048,0.0725126136493178,0,0
2302.03049,0.060055150109493534,0,0
2302.03050,0.03133570142625157,0,0
2302.03055,0.9693718188746492,0,1
2302.03056,0.044797382711429565,0,0
2302.03058,0.027430246325366267,0,0
2302.03062,0.04175210305331257,0,0
2302.03070,0.8527935740851933,0,1
2302.03089,0.09898877396751865,0,0
2302.03105,0.17026410114760854,0,0
2302.03112,0.16727836104120028,0,0
2302.03134,0.16830855676133263,0,0
2302.03158,0.04844454253822892,0,0
2302.03163,0.41005045383904776,0,0
2302.03168,0.7646288706182526,0,1
2302.03171,0.017413548831990103,0,0
2302.03174,0.08116976209670884,0,0
2302.03176,0.08323592314597977,0,0
2302.03197,0.0289612280515725,0,0
2302.03215,0.2098316567243916,0,0
2302.03268,0.08138465598783874,0,0
2302.03270,0.03822876236491499,0,0
2302.03273,0.10535399125830588,0,0
2302.03277,0.052062042222643864,0,0
2302.03303,0.1621720614046947,0,0
2302.03336,0.1342319988701313,0,0
2302.03349,0.027069712925144717,0,0
2302.03351,0.032629534243395666,0,0
2302.03369,0.017935288469127297,0,0
2302.03371,0.1595918879403616,0,0
2302.03377,0.8364088886257428,0,1
2302.03396,0.18028186593356227,0,0
2302.03398,0.06310212035175562,0,0
2302.03411,0.5565248943449643,0,1
2302.03413,0.04000227127525262,0,0
2302.03425,0.15542806601126533,0,0
2302.03430,0.28525378065784907,0,0
2302.03455,0.12893830800310604,0,0
2302.03486,0.30433902383164135,0,0
2302.03545,0.016336126639527243,0,0
2302.03562,0.028486702358986586,0,0
2302.03571,0.013623022125623701,0,0
2302.03576,0.030619321723155374,0,0
2302.03609,0.46997902316201245,0,0
2302.03628,0.7345403293891684,0,1
2302.03642,0.06256316231465223,0,0
2302.03678,0.08554850326851364,0,0
2302.03685,0.2333296137236022,0,0
2302.03697,0.5641750633828315,0,1
2302.03699,0.03932901587510565,0,0
2302.03700,0.39581072415470564,0,0
2302.03701,0.003872019970825408,0,0
2302.03704,0.07184002326287725,0,0
2302.03705,0.05774691829367181,0,0
2302.03706,0.04224660735188802,0,0
2302.03708,0.24471717357520428,0,0
2302.03709,0.018865380543995697,0,0
2302.03710,0.00897578868405323,0,0
2302.03712,0.0572764790657413,0,0
2302.03713,0.12140732028831415,0,0
2302.03717,0.01592237565207024,0,0
2302.03721,0.24393860761917585,0,0
2302.03726,0.5264555631911014,0,1
2302.03742,0.10096225007882649,0,0
2302.03746,0.9538950865448547,0,1
2302.03779,0.035092148699211116,0,0
2302.03794,0.11688902875385832,0,0
2302.03799,0.09258490001232042,0,0
2302.03804,0.16054648906239002,0,0
2302.03814,0.09099111322907635,0,0
2302.03829,0.04976575719283824,0,0
2302.03844,0.012632382488172767,0,0
2302.03846,0.10795510197926975,0,0
2302.03856,0.07501670976077791,0,0
2302.03859,0.06081105749626795,0,0
2302.03869,0.011166830856702652,0,0
2302.03871,0.11555002116640559,0,0
2302.03882,0.27084391373148703,0,0
2302.03897,0.8241988139546875,0,1
2302.03906,0.060619809028993436,0,0
2302.03909,0.02103507036382539,0,0
2302.03948,0.01837744904563053,0,0
2302.03955,0.0219106108056071,0,0
2302.03979,0.4925842208109315,0,0
2302.03988,0.014376272541385602,0,0
2302.04000,0.028319208396924537,0,0
2302.04003,0.07240006513249655,0,0
2302.04007,0.1133569062523442,0,0
2302.04008,0.24057078560494738,0,0
2302.04011,0.19438403013300434,0,0
2302.04015,0.05984039713217325,0,0
2302.04058,0.06972725350007736,0,0
2302.04080,0.3031793502104639,0,0
2302.04100,0.16572895692452838,0,0
2302.04103,0.016506931518859635,0,0
2302.04130,0.05467887148554053,0,0
2302.04138,0.9860334620111146,0,1
2302.04147,0.056173274201849366,0,0
2302.04194,0.01297875842819803,0,0
2302.04206,0.057246440003141746,0,0
2302.04211,0.05674930731763782,0,0
2302.04230,0.08656849320276597,0,0
2302.04239,0.22363622896899835,0,0
2302.04241,0.37956816904950275,0,0
2302.04242,0.9682763644029931,0,1
2302.04247,0.04293640471450933,0,0
2302.04253,0.27643448749293026,0,0
2302.04258,0.28529216572283433,0,0
2302.04270,0.04101282333592967,0,0
2302.04272,0.04945046710257957,0,0
2302.04273,0.8405421178596482,0,1
2302.04274,0.012176246327927147,0,0
2302.04276,0.032116794179920645,0,0
2302.04280,0.844857439634706,0,1
2302.04281,0.024153583489143433,0,0
2302.04282,0.023543492056718185,0,0
2302.04283,0.02273772340526497,0,0
2302.04286,0.02680696865677954,0,0
2302.04287,0.04585463536049199,0,0
2302.04289,0.010896648746375097,0,0
2302.04294,0.1969678542807545,0,0
2302.04297,0.08196134329536889,0,0
2302.04298,0.04949864800177601,0,0
2302.04302,0.011881093963023536,0,0
2302.04312,0.04838851573916173,0,0
2302.04324,0.02761396264098135,0,0
2302.04348,0.5905666269231096,0,1
2302.04352,0.12900524264257107,0,0
2302.04365,0.09678099381159387,0,0
2302.04366,0.10999354325982517,0,0
2302.04367,0.0178764782870085,0,0
2302.04388,0.04469307968054508,0,0
2302.04390,0.021337330683352213,0,0
2302.04393,0.09027493114274251,0,0
2302.04408,0.0055547818003588096,0,0
2302.04414,0.0272175399339989,0,0
2302.04425,0.028984228776861146,0,0
2302.04454,0.4829446090008364,0,0
2302.04471,0.02098556202909128,0,0
2302.04485,0.04329993082129606,0,0
2302.04491,0.08633658228771299,0,0
2302.04502,0.027110601364188542,0,0
2302.04507,0.04070322257540221,0,0
2302.04516,0.11748426262378805,0,0
2302.04535,0.9917078210205339,1,1
2302.04553,0.05268196320821039,0,0
2302.04574,0.9453021520257373,0,1
2302.04579,0.21416930041578677,0,0
2302.04592,0.16685441451284339,0,0
2302.04595,0.8259364892504802,0,1
2302.04613,0.7282381971655232,0,1
2302.04622,0.046271283919630396,0,0
2302.04628,0.0727406903763709,0,0
2302.04629,0.4715001715109172,0,0
2302.04639,0.06061231495155053,0,0
2302.04644,0.015348894614622549,0,0
2302.04645,0.36236418049582786,0,0
2302.04646,0.8341731320501873,0,1
2302.04651,0.10045065549185528,0,0
2302.04656,0.14165864347926607,0,0
2302.04671,0.39052240790102444,0,0
2302.04679,0.042247185421799484,0,0
2302.04689,0.8417530143796546,0,1
2302.04703,0.2425350514671501,0,0
2302.04707,0.11544321503638384,0,0
2302.04711,0.19551850269572607,0,0
2302.04757,0.9698042343750483,1,1
2302.04768,0.617017744434662,0,1
2302.04794,0.9797564762060916,1,1
2302.04795,0.07870683536416458,0,0
2302.04807,0.02387444678549008,0,0
2302.04808,0.027081402874515163,0,0
2302.04812,0.07234010697715425,0,0
2302.04825,0.094050616166693,0,0
2302.04875,0.019857143495985444,0,0
2302.04878,0.029979746683999074,0,0
2302.04879,0.6049204752663879,0,1
2302.04880,0.09103740581188467,0,0
2302.04881,0.15325833318821624,0,0
2302.04882,0.08053587177575146,0,0
2302.04884,0.026199283707820875,0,0
2302.04888,0.02034850211438367,0,0
2302.04890,0.03456938583690634,0,0
2302.04891,0.5940899427441932,0,1
2302.04893,0.9087414400195251,1,1
2302.04898,0.7946980475304407,0,1
2302.04920,0.4076977656297292,0,0
2302.04922,0.9934128371097136,1,1
2302.04927,0.11514928085906999,0,0
2302.04929,0.2377503634365941,0,0
2302.04943,0.4904576756401541,0,0
2302.04946,0.8196644928947943,0,1
2302.04952,0.12615106310796842,0,0
2302.04958,0.04811339197011095,0,0
2302.04971,0.2219437265826033,0,0
2302.04978,0.042463707015187535,0,0
2302.04980,0.7429896496231698,0,1
2302.05010,0.019835152017284943,0,0
2302.05026,0.013869078431636466,0,0
2302.05028,0.6107429631705388,0,1
2302.05029,0.030856983622122462,0,0
2302.05032,0.11217760435806938,0,0
2302.05037,0.02930569121472231,0,0
2302.05047,0.06504052100007972,0,0
2302.05064,0.970677999215749,0,1
2302.05077,0.039827711099064744,0,0
2302.05088,0.07863548443301392,0,0
2302.05124,0.046403386308552515,0,0
2302.05163,0.10146433783933836,0,0
2302.05167,0.011972123979367276,0,0
2302.05173,0.028752575365277987,0,0
2302.05184,0.01397538545761739,0,0
2302.05223,0.6098360697215196,0,1
2302.05228,0.030580957652414528,0,0
2302.05230,0.8821361457416091,0,1
2302.05232,0.18644587088008643,0,0
2302.05251,0.02959233090974738,0,0
2302.05261,0.03577907506741705,0,0
2302.05276,0.014164823877754347,0,0
2302.05291,0.02623742786074589,0,0
2302.05302,0.042634839195193425,0,0
2302.05329,0.07284092385819832,0,0
2302.05333,0.08317762407444673,0,0
2302.05335,0.24581079708227435,0,0
2302.05341,0.009029002917940863,0,0
2302.05346,0.1509141930898707,0,0
2302.05360,0.05811937501152724,0,0
2302.05369,0.013715906600589177,0,0
2302.05370,0.04756960552285524,0,0
2302.05413,0.008698118732963491,0,0
2302.05415,0.02700640637658871,0,0
2302.05420,0.9940051430608596,1,1
2302.05424,0.20883789886849766,0,0
2302.05436,0.04841114615112734,0,0
2302.05452,0.7280846981150159,0,1
2302.05453,0.11705216059035656,0,0
2302.05455,0.25511218535117064,0,0
2302.05459,0.008629565791306741,0,0
2302.05462,0.1882637209250565,0,0
2302.05464,0.04121808891509426,0,0
2302.05465,0.06524528287014367,0,0
2302.05466,0.036445660072565104,0,0
2302.05468,0.01843056151728148,0,0
2302.05469,0.015422591809146893,0,0
2302.05473,0.03053832213916895,0,0
2302.05479,0.13952199997499604,0,0
2302.05523,0.08153011571519439,0,0
2302.05542,0.05388921515886463,0,0
2302.05555,0.25302837128167266,0,0
2302.05588,0.11963685045478001,0,0
2302.05595,0.05966674605656551,0,0
2302.05613,0.974010549408848,0,1
2302.05641,0.07377326266489034,0,0
2302.05655,0.02319236034936206,0,0
2302.05659,0.46444424970809295,0,0
2302.05671,0.04569211169801876,0,0
2302.05694,0.9923922849598036,1,1
2302.05709,0.010484567985182484,0,0
2302.05715,0.013850876549665804,0,0
2302.05718,0.6637543907676131,0,1
2302.05769,0.015234650864219263,0,0
2302.05774,0.05768530865016032,0,0
2302.05778,0.866954190572132,0,1
2302.05804,0.06415367379400835,0,0
2302.05820,0.13863202694448462,0,0
2302.05866,0.0891143382164977,0,0
2302.05873,0.005259599783838795,0,0
2302.05878,0.0396356672662926,0,0
2302.05887,0.7565842820610601,0,1
2302.05893,0.13927979314107874,0,0
2302.05896,0.04322526708814194,0,0
2302.05911,0.2959467938387334,0,0
2302.05920,0.13591390870354678,0,0
2302.05921,0.5574090605440044,0,1
2302.05924,0.16543995691269572,0,0
2302.06006,0.07617334886661642,0,0
2302.06007,0.02096165553683663,0,0
2302.06042,0.016752662771337985,0,0
2302.06068,0.16063438686525097,0,0
2302.06071,0.08861361410937037,0,0
2302.06102,0.026346021547251103,0,0
2302.06115,0.49027700528352464,0,0
2302.06116,0.12105362687978184,0,0
2302.06138,0.07270162420377144,0,0
2302.06140,0.08038633534393437,0,0
2302.06150,0.06603465674763878,0,0
2302.06153,0.03800217261931415,0,0
2302.06171,0.12017426401935204,0,0
2302.06181,0.19912027818394065,0,0
2302.06206,0.08283451597328337,0,0
2302.06213,0.9831594083292458,1,1
2302.06214,0.027876323697932155,0,0
2302.06220,0.053355651175178834,0,0
2302.06221,0.30956807378920825,0,0
2302.06225,0.06796366014019688,0,0
2302.06263,0.032914172908912305,0,0
2302.06266,0.04301326631092155,0,0
2302.06302,0.9428017046181548,0,1
2302.06306,0.3512017747524977,0,0
2302.06332,0.9826416162517623,1,1
2302.06393,0.0951461426350455,0,0
2302.06400,0.23366038208108433,0,0
2302.06446,0.2912000367558974,0,0
2302.06475,0.09584149466565765,0,0
2302.06489,0.013293526140787233,0,0
2302.06490,0.22986575162361841,0,0
2302.06493,0.20463955940741543,0,0
2302.06496,0.08259846396611939,0,0
2302.06500,0.5423825257445457,0,1
2302.06508,0.9485621039034956,0,1
2302.06521,0.05189547538804767,0,0
2302.06524,0.0535944893531461,0,0
2302.06530,0.031132891222476092,0,0
2302.06533,0.11863985605412247,0,0
2302.06565,0.15645067205902238,0,0
2302.06567,0.060901923859017985,0,0
2302.06593,0.046248304929011864,0,0
2302.06602,0.017070640572980862,0,0
2302.06614,0.6297484210134286,0,1
2302.06617,0.02518975327181236,0,0
2302.06618,0.005335495808361803,0,0
2302.06621,0.023571556405962313,0,0
2302.06626,0.02563452106162102,0,0
2302.06627,0.08875481389750593,0,0
2302.06629,0.06701068511065272,0,0
2302.06631,0.019247972106498756,0,0
2302.06641,0.9693583003979419,0,1
2302.06644,0.08157698594324544,0,0
2302.06647,0.03624908127699814,0,0
2302.06649,0.16785884653938044,0,0
2302.06654,0.0017386626731326425,0,0
2302.06663,0.03015591925375308,0,0
2302.06680,0.14587598983844458,0,0
2302.06686,0.03328030795850392,0,0
2302.06687,0.037139678902818156,0,0
2302.06700,0.8951792616922654,0,1
2302.06712,0.048477726577065186,0,0
2302.06724,0.9861034873284452,0,1
2302.06740,0.2189985358507102,0,0
2302.06741,0.22700697183752475,0,0
2302.06744,0.9571235850324888,0,1
2302.06762,0.015171917640590818,0,0
2302.06771,0.04927721239593111,0,0
2302.06791,0.009451793125461164,0,0
2302.06802,0.11681927546024158,0,0
2302.06808,0.10113111324934873,0,0
2302.06820,0.012315576774157195,0,0
2302.06825,0.12587897258744882,0,0
2302.06882,0.42748401108174594,0,0
2302.06886,0.023446392592547376,0,0
2302.06904,0.5951491114591737,0,1
2302.06913,0.13937775846226777,0,0
2302.06921,0.7004382177342715,0,1
2302.06924,0.5503451873702379,0,1
2302.06936,0.03345987823840153,0,0
2302.06944,0.0431975196766789,0,0
2302.06952,0.02204137122179379,0,0
2302.06954,0.006547976376207287,0,0
2302.06981,0.03866164244169286,0,0
2302.06985,0.9140011268815608,0,1
2302.06989,0.13806392989775632,0,0
2302.06994,0.08549274254592212,0,0
2302.06995,0.156348806692027,0,0
2302.06997,0.44407225958560614,0,0
2302.07002,0.018683835541169914,0,0
2302.07022,0.022779275805204658,0,0
2302.07028,0.015883845751106383,0,0
2302.07034,0.027954700093204467,0,0
2302.07043,0.08215580491556171,0,0
2302.07056,0.05866107195919145,0,0
2302.07057,0.7614612616053676,0,1
2302.07092,0.020093370387814596,0,0
2302.07111,0.007003687658313929,0,0
2302.07156,0.5582288872604336,0,1
2302.07158,0.3378906806534208,0,0
2302.07234,0.06906269842741972,0,0
2302.07255,0.03220370070078947,0,0
2302.07256,0.041411535293750384,0,0
2302.07258,0.619949574529788,0,1
2302.07266,0.4026838731423007,0,0
2302.07270,0.03523740408519611,0,0
2302.07271,0.025928366917701832,0,0
2302.07272,0.09222722738416139,0,0
2302.07273,0.027015490844843438,0,0
2302.07274,0.793667209177406,0,1
2302.07277,0.04644257947492835,0,0
2302.07278,0.005488267052986873,0,0
2302.07281,0.028413539621060045,0,0
2302.07284,0.08263721681956084,0,0
2302.07289,0.04878574109132349,0,0
2302.07292,0.05772629096839793,0,0
2302.07293,0.10585832823544629,0,0
2302.07301,0.037980368259421665,0,0
2302.07308,0.6433861413088646,0,1
2302.07318,0.10958695238159029,0,0
2302.07333,0.012456269904132192,0,0
2302.07342,0.0456383205582423,0,0
2302.07362,0.02648106495739706,0,0
2302.07364,0.05328163795929657,0,0
2302.07366,0.07367365611301771,0,0
2302.07378,0.022640728758277936,0,0
2302.07397,0.06388104046249009,0,0
2302.07430,0.010811101784482819,0,0
2302.07474,0.11834316844258112,0,0
2302.07484,0.06351913761373223,0,0
2302.07494,0.029690503782650528,0,0
2302.07497,0.8058988840524672,1,1
2302.07502,0.07592811453626627,0,0
2302.07532,0.040493102793754815,0,0
2302.07569,0.183591634708996,0,0
2302.07599,0.019421389905577655,0,0
2302.07611,0.2853190325347778,0,0
2302.07625,0.08030746203036151,0,0
2302.07634,0.16172041486664446,0,0
2302.07656,0.7096802038043951,0,1
2302.07659,0.6122383570915239,0,1
2302.07674,0.06078272383004488,0,0
2302.07681,0.1800774774884385,0,0
2302.07682,0.043219555571499646,0,0
2302.07699,0.10589916745940595,0,0
2302.07700,0.06330281213771945,0,0
2302.07713,0.9254133844584149,0,1
2302.07714,0.9871631041025956,1,1
2302.07723,0.12180922506722598,0,0
2302.07726,0.02039203632593186,0,0
2302.07749,0.09864150222602072,0,0
2302.07761,0.024713823394590394,0,0
2302.07780,0.5096107641668518,0,1
2302.07808,0.02482799030370031,0,0
2302.07811,0.2476475065482848,0,0
2302.07823,0.10708369276104412,0,0
2302.07853,0.33883744612992495,0,0
2302.07857,0.039238522136026015,0,0
2302.07860,0.03776046499782338,0,0
2302.07870,0.5178131486269958,0,1
2302.07874,0.9851376841183896,1,1
2302.07876,0.027241270263117175,0,0
2302.07878,0.020562257990145997,0,0
2302.07880,0.46762501949862706,0,0
2302.07881,0.032253099139688476,0,0
2302.07882,0.012835604769087313,0,0
2302.07884,0.08141728343615197,0,0
2302.07886,0.021104047254015358,0,0
2302.07887,0.029132389205336992,0,0
2302.07890,0.03812786591570695,0,0
2302.07891,0.027357153504461187,0,0
2302.07896,0.14663560647580828,0,0
2302.07898,0.032607445756817184,0,0
2302.07899,0.0437792713281583,0,0
2302.07900,0.7510325990040131,0,1
2302.07901,0.05067142610413595,0,0
2302.07902,0.6591815094010602,0,1
2302.07904,0.09918994133840589,0,0
2302.07906,0.0625022121763111,0,0
2302.07916,0.6801797802033109,0,1
2302.07921,0.04150037801548804,0,0
2302.07923,0.02309638331894417,0,0
2302.07925,0.01734224287009382,0,0
2302.07929,0.02320531882817927,0,0
2302.07932,0.11513142071056932,0,0
2302.07934,0.021763888729798755,0,0
2302.07936,0.026214176740324276,0,0
2302.07939,0.9071744659531024,1,1
2302.07954,0.45880036710843214,0,0
2302.07963,0.0194884817465481,0,0
2302.07969,0.0952495723182371,0,0
2302.07978,0.031349197054643375,0,0
2302.08008,0.4442130456162934,0,0
2302.08032,0.060874315589870893,0,0
2302.08072,0.1631862115517059,0,0
2302.08082,0.02104679143271194,0,0
2302.08087,0.012302746530469968,0,0
2302.08094,0.03708221983601903,0,0
2302.08111,0.04934674918962445,0,0
2302.08126,0.6898620082924527,0,1
2302.08147,0.204912548230713,0,0
2302.08162,0.007567221902771126,0,0
2302.08165,0.035941405144006754,0,0
2302.08170,0.12963232305524974,0,0
2302.08172,0.015808366002124735,0,0
2302.08186,0.009531624393875917,0,0
2302.08228,0.056340682878821526,0,0
2302.08230,0.020042288745521906,0,0
2302.08255,0.05808191346691652,0,0
2302.08289,0.006306742887418716,0,0
2302.08312,0.3808875811377347,0,0
2302.08314,0.09401754158842626,0,0
2302.08317,0.8791160048960189,0,1
2302.08321,0.2154428278972316,0,0
2302.08332,0.010052081057643977,0,0
2302.08336,0.06151621920003253,0,0
2302.08338,0.0909069561750353,0,0
2302.08353,0.007232854705443383,0,0
2302.08358,0.22137442904162827,0,0
2302.08372,0.04166445033390633,0,0
2302.08385,0.08029324828698522,0,0
2302.08386,0.031746445550611534,0,0
2302.08402,0.22576495996842363,0,0
2302.08405,0.05910160153972102,0,0
2302.08414,0.02860426303449473,0,0
2302.08429,0.014987132924637355,0,0
2302.08441,0.05935650281846265,0,0
2302.08457,0.4314109672800367,0,0
2302.08482,0.046375083713937865,0,0
2302.08486,0.05390506132846219,0,0
2302.08487,0.6347257211713858,0,1
2302.08506,0.014647483510073103,0,0
2302.08515,0.06052332656789544,0,0
2302.08516,0.18498896797670744,0,0
2302.08518,0.1427763725253666,0,0
2302.08519,0.027775738833793785,0,0
2302.08521,0.004333648211034526,0,0
2302.08523,0.02677571204619519,0,0
2302.08524,0.02887260452105195,0,0
2302.08526,0.10619394809422872,0,0
2302.08527,0.05130218359001262,0,0
2302.08532,0.9700823933709488,1,1
2302.08536,0.0357075171252249,0,0
2302.08552,0.10975876805290893,0,0
2302.08556,0.012307800308932313,0,0
2302.08596,0.38181047640926175,0,0
2302.08604,0.14648277344163724,0,0
2302.08628,0.11405003988630781,0,0
2302.08634,0.25960735668203816,0,0
2302.08657,0.6870328358205262,0,1
2302.08736,0.9854872957481265,1,1
2302.08753,0.055688197887519754,0,0
2302.08776,0.13615587102221,0,0
2302.08784,0.05714387269658439,0,0
2302.08814,0.18163699747673762,0,0
2302.08825,0.31019641625393773,0,0
2302.08833,0.06947041255280727,0,0
2302.08844,0.028573081177669605,0,0
2302.08848,0.060090596653954755,0,0
2302.08853,0.02072343093287388,0,0
2302.08863,0.5109736406206706,0,1
2302.08889,0.03185252611045571,0,0
2302.08900,0.05596023473600259,0,0
2302.08906,0.30413336532812796,0,0
2302.08926,0.4465658101228817,0,0
2302.08940,0.012773380634746579,0,0
2302.08960,0.025667143002550317,0,0
2302.08962,0.9776521937891893,1,1
2302.08964,0.02023668828729196,0,0
2302.08994,0.058970232332864234,0,0
2302.09008,0.11720459067314815,0,0
2302.09032,0.04019698541494932,0,0
2302.09033,0.018150547128782894,0,0
2302.09066,0.027868540880112418,0,0
2302.09082,0.7703303634530805,0,1
2302.09083,0.02363233667518583,0,0
2302.09084,0.5722448631565307,0,1
2302.09086,0.08941394971966662,0,0
2302.09087,0.031059837842201083,0,0
2302.09090,0.013514410489180473,0,0
2302.09091,0.0067382317289215385,0,0
2302.09095,0.08522169852723441,0,0
2302.09096,0.09858232163488452,0,0
2302.09132,0.3346659927599444,0,0
2302.09134,0.01623595810670352,0,0
2302.09135,0.025810120125253123,0,0
2302.09152,0.09447446374874671,0,0
2302.09165,0.025085934005043983,0,0
2302.09181,0.02719403281248393,0,0
2302.09188,0.02547613993143125,0,0
2302.09199,0.034029031119162376,0,0
2302.09226,0.06282308606215979,0,0
2302.09249,0.6759524827791469,0,1
2302.09259,0.09088050991664724,0,0
2302.09266,0.0653937976586334,0,0
2302.09269,0.06072548274243208,0,0
2302.09272,0.01165175472850141,0,0
2302.09280,0.22200886289286406,0,0
2302.09308,0.04556474540693219,0,0
2302.09370,0.12209034523337552,0,0
2302.09372,0.05339727071948946,0,0
2302.09380,0.04784023197211252,0,0
2302.09384,0.5351513327114056,0,1
2302.09390,0.2781335178539111,0,0
2302.09396,0.7446718762787615,0,1
2302.09452,0.23834167623580943,0,0
2302.09477,0.18573830601526703,0,0
2302.09515,0.05885690102326409,0,0
2302.09525,0.8339200128288979,0,1
2302.09576,0.6613690515592818,0,1
2302.09577,0.26519866892436694,0,0
2302.09640,0.2079085947447132,0,0
2302.09651,0.0711432967419879,0,0
2302.09669,0.056756831872059765,0,0
2302.09690,0.056786805279285306,0,0
2302.09697,0.03873200190888192,0,0
2302.09711,0.023376392194153432,0,0
2302.09713,0.5381290571713557,0,1
2302.09720,0.014015922250654298,0,0
2302.09722,0.06963757058608358,0,0
2302.09735,0.012635352309572228,0,0
2302.09754,0.05347155983192093,0,0
2302.09763,0.03802465072279878,0,0
2302.09764,0.038530030275771614,0,0
2302.09777,0.008607463338578399,0,0
2302.09782,0.5744655687733352,0,1
2302.09787,0.1304655091248632,0,0
2302.09802,0.060099606568171475,0,0
2302.09812,0.03909990888641767,0,0
2302.09851,0.2732225584792075,0,0
2302.09853,0.021723338121183867,0,0
2302.09860,0.16612106707997198,0,0
2302.09874,0.00939013351017265,0,0
2302.09925,0.062461816304506194,0,0
2302.09929,0.04720845815239935,0,0
2302.09951,0.10437987280408244,0,0
2302.09987,0.6456885533480841,0,1
2302.09993,0.07692876090442323,0,0
2302.10000,0.008770164628624426,0,0
2302.10002,0.3474120140139796,0,0
2302.10008,0.9749206028225657,1,1
2302.10012,0.0644953165179089,0,0
2302.10022,0.11501992974610267,0,0
2302.10024,0.11845197087470873,0,0
2302.10028,0.042895294668407496,0,0
2302.10042,0.00822299479358202,0,0
2302.10047,0.20225251922487142,0,0
2302.10048,0.11076914269591366,0,0
2302.10059,0.03748763126272596,0,0
2302.10072,0.03009670292413626,0,0
2302.10080,0.03258076128583866,0,0
2302.10085,0.8035739016463236,0,1
2302.10100,0.008515262091396468,0,0
2302.10102,0.016567342676680422,0,0
2302.10103,0.04157559518496006,0,0
2302.10107,0.08476989571466513,0,0
2302.10111,0.4051425707040216,0,0
2302.10136,0.013232113237494462,0,0
2302.10142,0.014318330715587687,0,0
2302.10177,0.2537357133927456,0,0
2302.10188,0.011507401221123828,0,0
2302.10189,0.6567110785915424,0,1
2302.10206,0.014044893318238707,0,0
2302.10207,0.76902751227525,0,1
2302.10210,0.025589887867748618,0,0
2302.10211,0.020734534150866984,0,0
2302.10212,0.02073098541480804,0,0
2302.10213,0.03095679533538647,0,0
2302.10214,0.06675898376672787,0,0
2302.10217,0.03613583549227309,0,0
2302.10226,0.023920477703982337,0,0
2302.10246,0.03177940825843532,0,0
2302.10259,0.9027515351679247,0,1
2302.10268,0.08773086674887726,0,0
2302.10286,0.006189757268595719,0,0
2302.10299,0.046648219451515094,0,0
2302.10310,0.964006843292538,1,1
2302.10323,0.08996744689569111,0,0
2302.10338,0.40379911407704455,0,0
2302.10350,0.11675728666435932,0,0
2302.10361,0.10272295811093662,0,0
2302.10374,0.080421948108325,0,0
2302.10376,0.599417064504507,0,1
2302.10397,0.07165428065367728,0,0
2302.10466,0.06503466158317933,0,0
2302.10472,0.04710835244735488,0,0
2302.10504,0.16211153556557886,0,0
2302.10507,0.3362368075428871,0,0
2302.10509,0.017683758224699288,0,0
2302.10528,0.9721947370459889,1,1
2302.10533,0.20503716057776403,0,0
2302.10534,0.025455708964799484,0,0
2302.10535,0.48350147803909815,0,0
2302.10542,0.02986801949908655,0,0
2302.10543,0.0696044528156998,0,0
2302.10545,0.08181760949533219,0,0
2302.10546,0.5440874218771621,0,1
2302.10551,0.1463639992542642,0,0
2302.10555,0.10985279245816078,0,0
2302.10557,0.05633375830999668,0,0
2302.10566,0.4313489529799168,0,0
2302.10584,0.5997106040685464,0,1
2302.10585,0.028430428011498865,0,0
2302.10591,0.06463821253461804,0,0
2302.10596,0.19043597372591506,0,0
2302.10605,0.04084334205809951,0,0
2302.10615,0.08412657532116408,0,0
2302.10621,0.06198832452537244,0,0
2302.10642,0.3512583255231434,0,0
2302.10647,0.04569246923055403,0,0
2302.10649,0.04764087115739568,0,0
2302.10664,0.9881626153368391,1,1
2302.10696,0.12427106554026958,0,0
2302.10712,0.6920513248445311,0,1
2302.10714,0.02443989028629325,0,0
2302.10721,0.44332767689209596,0,0
2302.10735,0.11922901269236945,0,0
2302.10752,0.88035767310767,0,1
2302.10762,0.006781519102086625,0,0
2302.10774,0.013713652137408855,0,0
2302.10777,0.4292485673505425,0,0
2302.10815,0.4814736556049194,0,0
2302.10821,0.30376741707628246,0,0
2302.10833,0.6688758310505633,0,1
2302.10837,0.07069448349803274,0,0
2302.10838,0.9890211231540655,1,1
2302.10849,0.5839300633733466,0,1
2302.10851,0.04163284242623901,0,0
2302.10868,0.07163842334011469,0,0
2302.10919,0.22005132563458485,0,0
2302.10925,0.10727620701149612,0,0
2302.10928,0.044964481612299295,0,0
2302.10929,0.24090230127179751,0,0
2302.10930,0.035391527634890084,0,0
2302.10931,0.05636855028231899,0,0
2302.10932,0.03162877563181732,0,0
2302.10934,0.1080770707280051,0,0
2302.10936,0.09357440911478548,0,0
2302.10937,0.056408431401321284,0,0
2302.10939,0.17400218567110204,0,0
2302.10941,0.0358443653004355,0,0
2302.10943,0.018160445943126956,0,0
2302.10946,0.6758606733464209,0,1
2302.10947,0.8679093159314079,0,1
2302.10948,0.2121442808382703,0,0
2302.10953,0.12864118286458276,0,0
2302.10956,0.12708419999631024,0,0
2302.10957,0.4920306377330188,0,0
2302.10960,0.035346368230061306,0,0
2302.10961,0.9347440487578365,0,1
2302.10962,0.5663948112801936,0,1
2302.10965,0.03340980548143918,0,0
2302.10971,0.008434314417785844,0,0
2302.10992,0.10743901202335449,0,0
2302.10999,0.014531502883794414,0,0
2302.11020,0.4928507441651939,0,0
2302.11025,0.4637134861483225,0,0
2302.11028,0.8752508804928104,1,1
2302.11079,0.10888080667138192,0,0
2302.11086,0.3871924179582807,0,0
2302.11092,0.012511866619872147,0,0
2302.11103,0.03108694332673878,0,0
2302.11111,0.0717959451781377,0,0
2302.11116,0.061120615362530384,0,0
2302.11117,0.05247265215949263,0,0
2302.11118,0.20753271997999867,0,0
2302.11140,0.02596907694514012,0,0
2302.11148,0.3724632882453729,0,0
2302.11158,0.04777733966704086,0,0
2302.11163,0.024875555034813937,0,0
2302.11166,0.017973315734238292,0,0
2302.11167,0.021434566570073196,0,0
2302.11176,0.2039653156332158,0,0
2302.11198,0.16938208642491961,0,0
2302.11226,0.27316376392076247,0,0
2302.11228,0.2248233692383315,0,0
2302.11232,0.19780960413335164,0,0
2302.11243,0.060805103646846013,0,0
2302.11247,0.05397951167199682,0,0
2302.11257,0.05563929891907216,0,0
2302.11263,0.09610159139626517,0,0
2302.11265,0.06701174553907861,0,0
2302.11274,0.17260916896738476,0,0
2302.11276,0.009524165170671993,0,0
2302.11285,0.11315322243005775,0,0
2302.11288,0.018209882028820623,0,0
2302.11302,0.9636485439257432,1,1
2302.11303,0.09948630052473839,0,0
2302.11304,0.12872511853670868,0,0
2302.11305,0.06634426117539287,0,0
2302.11318,0.017852364391784607,0,0
2302.11324,0.028985540450477153,0,0
2302.11330,0.3353146908180506,0,0
2302.11335,0.037074790748004106,0,0
2302.11359,0.05025973967624713,0,0
2302.11364,0.32271991278192563,0,0
2302.11374,0.19145424991504142,0,0
2302.11392,0.7344784959012689,0,1
2302.11394,0.015059718660273948,0,0
2302.11397,0.18770095772858514,0,0
2302.11424,0.5120533826768031,0,1
2302.11447,0.12286550411073234,0,0
2302.11453,0.27743447132258986,0,0
2302.11469,0.020525931423964996,0,0
2302.11480,0.1255978449725563,0,0
2302.11482,0.018225065427882707,0,0
2302.11484,0.3794998583229728,0,0
2302.11486,0.17296233516382656,0,0
2302.11495,0.9689432356610045,1,1
2302.11496,0.20737298508916213,0,0
2302.11504,0.04985506107708148,0,0
2302.11518,0.059159660420624836,0,0
2302.11525,0.09946492039228526,0,0
2302.11547,0.036766339468760394,0,0
2302.11549,0.07794087032513056,0,0
2302.11561,0.8114366373531998,0,1
2302.11568,0.3449602376559919,0,0
2302.11573,0.03614135907250378,0,0
2302.11579,0.022262642323659154,0,0
2302.11581,0.034681868596825385,0,0
2302.11583,0.19474561699055734,0,0
2302.11587,0.025237576989265778,0,0
2302.11590,0.0696430475366819,0,0
2302.11591,0.18047685974962496,0,0
2302.11592,0.8594081965462488,0,1
2302.11609,0.06377968207067089,0,0
2302.11610,0.24726714925575322,0,0
2302.11613,0.02356477743803861,0,0
2302.11621,0.04217468601087998,0,0
2302.11645,0.017392947733758816,0,0
2302.11646,0.05182838935146802,0,0
2302.11650,0.04223792817305538,0,0
2302.11674,0.03694077687173344,0,0
2302.11684,0.07347867233032448,0,0
2302.11685,0.3593769076684474,0,0
2302.11689,0.6713991248233016,0,1
2302.11690,0.08742327827842057,0,0
2302.11696,0.23084547537937378,0,0
2302.11699,0.23000653513566727,0,0
2302.11733,0.1034828792841627,0,0
2302.11755,0.14020751862206748,0,0
2302.11760,0.7740183514950111,0,1
2302.11776,0.08881655003702839,0,0
2302.11779,0.4230907083390423,0,0
2302.11781,0.22965240887255617,0,0
2302.11792,0.039601916472598725,0,0
2302.11794,0.025690341406710324,0,0
2302.11796,0.046677444365714624,0,0
2302.11805,0.11611367573574295,0,0
2302.11818,0.08597323988559843,0,0
2302.11844,0.0591069722096354,0,0
2302.11876,0.029474425643556904,0,0
2302.11895,0.06943712919550386,0,0
2302.11897,0.03179182590471516,0,0
2302.11900,0.04661702159587916,0,0
2302.11907,0.3450922991047537,0,0
2302.11911,0.07517977611929719,0,0
2302.11915,0.13394310265474993,0,0
2302.11920,0.19957569817454243,0,0
2302.11925,0.43181341456548944,0,0
2302.11930,0.2442689491488098,0,0
2302.11938,0.023369026511884133,0,0
2302.11949,0.011548741705389002,0,0
2302.11975,0.11414064309211228,0,0
2302.11977,0.027210125089426444,0,0
2302.12032,0.05321860958868055,0,0
2302.12036,0.6538162965479634,0,1
2302.12037,0.04906831496027839,0,0
2302.12055,0.03283172077032413,0,0
2302.12058,0.15961051456692504,0,0
2302.12072,0.1152411343325497,0,0
2302.12089,0.059289117838788534,0,0
2302.12101,0.8849546854670687,0,1
2302.12109,0.21007591677908963,0,0
2302.12141,0.5411935513632632,0,1
2302.12144,0.3656312566901767,0,0
2302.12180,0.03904754847214407,0,0
2302.12197,0.08674333173711168,0,0
2302.12214,0.04416319449133686,0,0
2302.12234,0.009186104725203741,0,0
2302.12265,0.0525477774598048,0,0
2302.12267,0.04883866122379661,0,0
2302.12268,0.15666617215544862,0,0
2302.12269,0.010915029784981062,0,0
2302.12270,0.05103597775921843,0,0
2302.12277,0.10734552726837918,0,0
2302.12318,0.08736730289779865,0,0
2302.12325,0.016592604579148473,0,0
2302.12327,0.08029554791256664,0,0
2302.12340,0.34107141912277766,0,0
2302.12353,0.14418946555376974,0,0
2302.12376,0.6773021466999901,0,1
2302.12378,0.058987387892952575,0,0
2302.12379,0.03453469922578141,0,0
2302.12386,0.05158171126112793,0,0
2302.12387,0.04423925530942031,0,0
2302.12402,0.4556237092970122,0,0
2302.12406,0.029878799630239115,0,0
2302.12437,0.10380776687587297,0,0
2302.12438,0.017961639960142748,0,0
2302.12457,0.6289423107684392,0,1
2302.12478,0.0803272313020994,0,0
2302.12492,0.06557452100446423,0,0
2302.12507,0.8317077580727678,0,1
2302.12516,0.03350179315711391,0,0
2302.12518,0.45865298313958697,0,0
2302.12524,0.019065143860413532,0,0
2302.12527,0.04175152338383829,0,0
2302.12540,0.006887180415229824,0,0
2302.12556,0.4557349580668195,0,0
2302.12560,0.045697231363170956,0,0
2302.12566,0.8991231001920925,0,1
2302.12573,0.11159820580864803,0,0
2302.12582,0.025243889979391667,0,0
2302.12607,0.7886439486986413,0,1
2302.12615,0.25427498833966217,0,0
2302.12638,0.024148876739839342,0,0
2302.12657,0.043516924341359765,0,0
2302.12661,0.3517941522407636,0,0
2302.12679,0.0912679045061853,0,0
2302.12687,0.028173383137028777,0,0
2302.12690,0.006453286077853095,0,0
2302.12700,0.2334166395717036,0,0
2302.12704,0.04635903475406798,0,0
2302.12719,0.18262560131663078,0,0
2302.12722,0.45604934627073274,0,0
2302.12723,0.9001724603476832,0,1
2302.12727,0.04008110741441756,0,0
2302.12737,0.014042729604797213,0,0
2302.12753,0.24587703398839492,0,0
2302.12778,0.9765083967359551,1,1
2302.12788,0.029027472024498423,0,0
2302.12789,0.0074164902539276155,0,0
2302.12805,0.05903952160004202,0,0
2302.12818,0.019998413536663907,0,0
2302.12824,0.9242246035637606,0,1
2302.12841,0.6670553127867661,0,1
2302.12842,0.05584461525609583,0,0
2302.12847,0.12401216283618581,0,0
2302.12848,0.05946397645747481,0,0
2302.12849,0.1481578283169658,0,0
2302.12850,0.032578892286066294,0,0
2302.12859,0.17358340614106205,0,0
2302.12876,0.048022877898445816,0,0
2302.12892,0.08190974075296253,0,0
2302.12896,0.06434795757023266,0,0
2302.12897,0.01687748792948235,0,0
2302.12911,0.008752591310127227,0,0
2302.12913,0.034994990962485414,0,0
2302.12917,0.015361282235610464,0,0
2302.12924,0.005176877143770597,0,0
2302.12957,0.1706114639760663,0,0
2302.12960,0.8262665721321045,0,1
2302.12970,0.062291878430808106,0,0
2302.12992,0.332646780893741,0,0
2302.13061,0.02012590666368199,0,0
2302.13108,0.10438002317823579,0,0
2302.13118,0.21324955838847048,0,0
2302.13166,0.02832726470064658,0,0
2302.13179,0.0695252360703723,0,0
2302.13226,0.22690723189465126,0,0
2302.13267,0.01642123310745186,0,0
2302.13303,0.29079962928851966,0,0
2302.13306,0.20016171870911753,0,0
2302.13315,0.5564807849325737,0,1
2302.13322,0.24972039819313743,0,0
2302.13326,0.10576863052440097,0,0
2302.13333,0.0028304642872467767,0,0
2302.13349,0.012919815062680142,0,0
2302.13350,0.022155534058841256,0,0
2302.13354,0.9830815440795636,1,1
2302.13357,0.06135354550836173,0,0
2302.13363,0.18037678334811505,0,0
2302.13370,0.10325261275093138,0,0
2302.13383,0.08656848296217483,0,0
2302.13419,0.04135976634060811,0,0
2302.13517,0.02355883910014401,0,0
2302.13541,0.11236417446708373,0,0
2302.13544,0.8764769901719301,1,1
2302.13572,0.05099832544238566,0,0
2302.13576,0.10306043284126509,0,0
2302.13603,0.07144588787945451,0,0
2302.13615,0.14977365815662205,0,0
2302.13620,0.3009261815478462,0,0
2302.13626,0.4615154126581865,0,0
2302.13632,0.15150998292628315,0,0
2302.13648,0.03740785215426639,0,0
2302.13663,0.06908773372076253,0,0
2302.13671,0.012009932474480907,0,0
2302.13677,0.10715244856569711,0,0
2302.13689,0.08389792855610105,0,0
2302.13691,0.024459785896544524,0,0
2302.13698,0.022422094017629395,0,0
2302.13733,0.06995036317675864,0,0
2302.13760,0.04699043829591117,0,0
2302.13775,0.05862132445489081,0,0
2302.13777,0.0936868857399705,0,0
2302.13819,0.2355478211655703,0,0
2302.13854,0.08914060116512795,0,0
2302.13884,0.047802122723804887,0,0
2302.13887,0.021760976921780688,0,0
2302.13894,0.040763303596909425,0,0
2302.13898,0.14910625816521317,0,0
2302.13899,0.04826057315588862,0,0
2302.13903,0.08161641767161554,0,0
2302.13954,0.0787981678188268,0,0
2302.13957,0.015668893057228215,0,0
2302.13963,0.03591379562515817,0,0
2302.13964,0.035053176030618104,0,0
2302.13969,0.8580387298967483,0,1
2302.13984,0.09263924472715523,0,0
2302.14023,0.03121123927466725,0,0
2302.14037,0.047056453890570164,0,0
2302.14048,0.009582247362974064,0,0
